Name,Pos,City,State,Height,Weight,Grade,University,Pos_rank, Reg_rank, State_rank,Year,Team,Stars,Reg_rank,State_rank,School,University , Pos, City, State, Height, Weight, Stars, Grade, University
A.J. Whitmore,CB,Nashville,AR,5'10'',175,NR,Tulsa,, NR, NR,2007,Tulsa,,,,,,,,,,,,,
Clint Whitley,OT (JC),Poplarville,MS,6'4'',290,NR,Tulsa,NR,,,2007,Tulsa,,,,,,,,,,,,,
Jonny Wacker,OLB,Columbia,MO,6'1'',230,NR,Tulsa,,,,2007,Tulsa,,,,,,,,,,,,,
Jacoby Veals,DT,Dallas,TX,6'2'',270,NR,Tulsa,,,,2007,Tulsa,,,,,,,,,,,,,
Tory Tyner,S,Cedar Hill,TX,6'2'',180,NR,Tulsa,NR,,,2007,Tulsa,,,,,,,,,,,,,
Wayne Thompson,DT,Cedar Hill,TX,6'0'',285,NR,Tulsa,NR, NR, NR,2007,Tulsa,,,,,,,,,,,,,
Reid Singleton,CB,Fort Worth,TX,5'9'',170,NR,Tulsa,NR,,,2007,Tulsa,,,,,,,,,,,,,
Kenny Sims,ILB,Arlington,TX,6'0'',205,68,Tulsa,NR,,,2007,Tulsa,,,,,,,,,,,,,
Shawn Santos,OG (JC),Keller,TX,6'4'',285,NR,Tulsa,,,,2007,Tulsa,,,,,,,,,,,,,
Rashad Robinson,OLB,McKinney,TX,6'1'',215,NR,Tulsa,NR, NR, NR,2007,Tulsa,,,,,,,,,,,,,
Aaron Ringle,OG,Sand Springs,OK,6'3'',237,70,Tulsa,NR, NR, NR,2007,Tulsa,,,,,,,,,,,,,
Odrick Ray,DE,Athens,TX,6'4'',220,NR,Tulsa,, None, None,2007,Tulsa,,,,,,,,,,,,,
Darrell Pasco,CB (JC),Milledgeville,GA,5'10'',160,NR,Tulsa,,,,2007,Tulsa,,,,,,,,,,,,,
Charles Opeseyitan,RB,Allen,TX,5'11'',185,71,Tulsa,143, None, None,2007,Tulsa,,,,,,,,,,,,,
Mike Johnson,QB,Durham,NC,6'2'',180,70,Tulsa,,137, None,2007,Tulsa,,,,,,,,,,,,,
Trae Johnson,WR,Grand Prairie,TX,5'11'',170,NR,Tulsa,,,,2007,Tulsa,,,,,,,,,,,,,
Jason Jackson,WR,Fort Worth,TX,6'0'',180,NR,Tulsa,,,,2007,Tulsa,,,,,,,,,,,,,
Tyler Holmes,DT,Ottawa,ON,6'4'',290,NR,Tulsa,, None, None,2007,Tulsa,,,,,,,,,,,,,
Wilson Holloway,OT,Oklahoma City,OK,6'7'',250,NR,Tulsa,NR,,,2007,Tulsa,,,,,,,,,,,,,
Nolan Hankins,OT,Springdale,AR,6'5'',345,NR,Tulsa,,,,2007,Tulsa,,,,,,,,,,,,,
Chris Ford,WR,Fort Worth,TX,6'2'',180,NR,Tulsa,, None, None,2007,Tulsa,,,,,,,,,,,,,
Ramarcus Dickerson,DT,Little Rock,AR,6'2'',254,NR,Tulsa,, None, None,2007,Tulsa,,,,,,,,,,,,,
Genesis Cole,WR,Little Rock,AR,6'0'',175,NR,Tulsa,, None, None,2007,Tulsa,,,,,,,,,,,,,
Charles Clay,RB,Little Rock,AR,6'3'',222,NR,Tulsa,, None, None,2007,Tulsa,,,,,,,,,,,,,
C. J. Chaten,CB,Dardanelle,AR,5'10'',175,72,Tulsa,NR,,,2007,Tulsa,,,,,,,,,,,,,
Tyree Bullock,CB,Raleigh,NC,5'11'',168,70,Tulsa,, None, None,2007,Tulsa,,,,,,,,,,,,,
Curnelius Arnick,ILB,Dallas,TX,6'2'',220,NR,Tulsa,NR, NR, NR,2007,Tulsa,,,,,,,,,,,,,
Eliot Allen,DE (JC),Allen,TX,6'2'',222,NR,Tulsa,NR,,,2007,Tulsa,,,,,,,,,,,,,
Ja'Terian Douglas,RB,Arlington,TX,5'11'',175,Tulsa,,,,,2010,Tulsa,77,,,,,,,,,,,,
Brenton Bogar,CB,Muskogee,OK,5'9'',175,Tulsa,,,,,2010,Tulsa,77,,,,,,,,,,,,
Relus Chance,DE,Waxahachie,TX,6'5'',215,Tulsa,,,,,2010,Tulsa,76,,,,,,,,,,,,
Dewitt Jennings,RB,Bixby,OK,5'10'',190,Tulsa,,75.0,,,2010,Tulsa,76,,,,,,,,,,,,
Eldon Thompson,DE,Warren,AR,6'2'',225,Tulsa,,97,,,2010,Tulsa,75,,,,,,,,,,,,
Alec Henry,OG,Tulsa,OK,6'3'',270,Tulsa,,125,,,2010,Tulsa,74,,,,,,,,,,,,
Mitchell Osborne,OLB,Southlake,TX,,Carroll High School6'2'',74,Tulsa,185,,,2010,Tulsa,205,,,,,,,,,,,,
Kalen Henderson,ATH,Laplace,LA,East Saint John High School6'1'',181,Tulsa,,74,,,2010,Tulsa,74,,,,,,,,,,,,
Deonte Morris,TE,Tulsa,OK,Tulsa Union High School6'2'',205,Tulsa,,73.0,,,2010,Tulsa,74,,,,,,,,,,,,
Marco Nelson,RB,Glenpool,OK,5'11'',180,Tulsa,,125,,,2010,Tulsa,73,,,,,,,,,,,,
Jake Alexander,OG,Jenks,OK,Jenks High School6'1'',256,Tulsa,,,,,2010,Tulsa,73,,,,,,,,,,,,
Thomas Roberson,WR,Tulsa,OK,Tulsa Union High School6'2'',170,Tulsa,,70,,,2010,Tulsa,71,,,,,,,,,,,,
James Roberson,WR,Tulsa,OK,Tulsa Union High School6'2'',180,Tulsa,,,,,2010,Tulsa,70,,,,,,,,,,,,
Tres Houston,WR,College Park,GA,Benjamin E. Banneker High School6'1'',170,Tulsa,,,,,2010,Tulsa,NR,,,,,,,,,,,,
Luke Snider,CB,Tulsa,OK,Tulsa Union High School5'10'',168,Tulsa,,,,,2010,Tulsa,NR,,,,,,,,,,,,
Quentin George,ILB,Van Buren,AR,Van Buren High School6'2'',220,Tulsa,,NR,,,2010,Tulsa,NR,NR,NR,,,,,,,,,,
Donnell Hawkins,OLB,Copperas Cove,TX,Copperas Cove High School6'1'',190,Tulsa,,NR,,,2010,Tulsa,NR,NR,NR,,,,,,,,,,
Brion James,S,Boutte,LA,Hahnville High School6'0'',180,Tulsa,,NR,,,2010,Tulsa,NR,,,,,,,,,,,,
Cole Way,K,Tulsa,OK,Tulsa Union High School6'8'',210,Tulsa,,,,,2010,Tulsa,NR,,,,,,,,,,,,
Zik Asiegbu,OLB,Grand Prairie,TX,James Bowie High School6'0'',190,Tulsa,,NR,,,2010,Tulsa,NR,NR,NR,,,,,,,,,,
Derrick Hall,ATH,Beaumont,TX,Navarro College5'11'',200,Tulsa,,,,,2010,Tulsa,NR,,,,,,,,,,,,
Milton Howell,ATH,Corsicana,TX,Navarro College6'2'',185,Tulsa,,,,,2010,Tulsa,NR,,,,,,,,,,,,
Jameel Owens,WR,Muskogee,OK,University of Oklahoma6'3'',200,Tulsa,,NR,,,2010,Tulsa,TR,,,,,,,,,,,,
Tyrunn Walker,DE,New Iberia,LA,Navarro College6'4'',270,Tulsa,,,,,2010,Tulsa,NR,,,,,,,,,,,,
Darrell Zellars,DT,Anderson,SC,Hutchinson Community College6'2'',285,Tulsa,,,,,2010,Tulsa,NR,,,,,,,,,,,,
Durrell Finch,DE,Castro Valley,CA,Chabot College6'4'',220,Tulsa,,,,,2010,Tulsa,NR,,,,,,,,,,,,
Garrett Gladd,OG,Sallisaw,OK,6'4'',285,78.0,,34,,,2011,Tulsa,,99,NR,Sallisaw High School,,,,,,,,,
Michael Sorrells,RB,Austin,TX,6'2'',200,77.0,,45,,,2011,Tulsa,,,,McCallum High School,,,,,,,,,
Colt Clontz,TE,El Maton,TX,6'7'',220,77.0,,39,,,2011,Tulsa,,128,104,Tidehaven High School,,,,,,,,,
Trent Martin,ILB,Jenks,OK,6'2'',215,77.0,,36,,,2011,Tulsa,,179,NR,Jenks High School,,,,,,,,,
Derrick Alexander Jr.,DT,Tulsa,OK,6'2'',266,75.0,,93,,,2011,Tulsa,,,,Booker T. Washington High School,,,,,,,,,
Michael Mudoh,CB,Richmond,TX,5'9'',185,75.0,,59,,,2011,Tulsa,,,,Bush High School,,,,,,,,,
Keyarris Garrett,WR,Daingerfield,TX,6'4'',185,74.0,,152,,,2011,Tulsa,,,,Daingerfield High School,,,,,,,,,
Derrick Luetjen,DT,Locust Grove,OK,6'2'',260,74.0,,118,,,2011,Tulsa,,292,NR,Locust Grove High School,,,,,,,,,
Conner Floyd,WR,Austin,TX,6'0'',186,74.0,,,,,2011,Tulsa,,,,Lake Travis High School,,,,,,,,,
Kwame Sexton,ATH,Tulsa,OK,5'10'',170,73.0,,181,,,2011,Tulsa,,,,Holland Hall High School,,,,,,,,,
Joseph Calcagni,QB,Springdale,AR,6'2'',190,72.0,,119,,,2011,Tulsa,,740,NR,Springdale High School,,,,,,,,,
Zack Langer,RB,Jenks,OK,5'11'',195,71.0,,189,,,2011,Tulsa,,401,,Jenks High School,,,,,,,,,
Dwight Dobbins,ATH,Midwest City,OK,5'8'',165,69.0,,231,,,2011,Tulsa,,428,NR,Carl Albert High School,,,,,,,,,
Nicholas Hall,DE,Broken Arrow,OK,6'4'',228,,,238,,,2011,Tulsa,,,,Broken Arrow High School,,,,,,,,,
Gary Owens,WR,Mesquite,TX,5'9'',160,,,275,,,2011,Tulsa,,  NR,  NR,West Mesquite High School,,,,,,,,,
Brentom Todd,DE,Tulsa,OK,6'3'',223,,,,,,2011,Tulsa,,,238.0,Tulsa Union High School,,,,,,,,,
Garrett Stafford,OT,Tulsa,OK,6'5'',280,,,216,,,2011,Tulsa,,,,Memorial High School,,,,,,,,,
Darrell Williams,CB,Houston,TX,5'8'',171,,,,,,2011,Tulsa,,,128,Westfield High School,,,,,,,,,
James Floyd,OG,Fort Worth,TX,6'3'',278,,,NR,,,2011,Tulsa,,,,R. L. Paschal High School,,,,,,,,,
Zach Epps,WR,Overland Park,KS,6'4'',181,,,,,,2011,Tulsa,,,,Blue Valley West High School,,,,,,,,,
Gary Lee,DT,Tulsa,OK,6'4'',285,,,180,,,2011,Tulsa,,,,Victory Christian School,,,,,,,,,
Derek Patterson,ATH,Kingfisher,OK,6'0'',180,,,267,,,2011,Tulsa,,,,Kingfisher High School,,,,,,,,,
Jeremy Ratliff,CB,Tylertown,MS,5'8'',170,,,,,,2011,Tulsa,,,,Southwest Mississippi Com. College,,,,,,,,,
Rob Boyd,OG,Vian,OK,6'4'',285,Tulsa,,43,,,2013,Tulsa,77,139,8,,,,,,,,,,
Will Barrow,CB,Dallas,TX,5'9'',170,Tulsa,,57,,,2013,Tulsa,77,,,,,,,,,,,,
Dalton Rodriguez,OT,Tulsa,OK,6'6'',255,Tulsa,,65,,,2013,Tulsa,77,,,,,,,,,,,,
Zac Uhles,OC,Norman,OK,6'3'',250,Tulsa,,14,,,2013,Tulsa,74,215,13,,,,,,,,,,
Devin Rolan,ILB,McAlester,OK,5'11'',225,Tulsa,,,,,2013,Tulsa,74,,,,,,,,,,,,
Frankie Davis,DE,Broken Arrow,OK,6'3'',215,Tulsa,,245,,,2013,Tulsa,73,92,17,,,,,,,,,,
Keevan Lucas,WR,Abilene,TX,5'10'',180,Tulsa,,179,,,2013,Tulsa,73,254,200,,,,,,,,,,
Ben Oberste,QB,Sallisaw,OK,6'1'',193,Tulsa,,36,,,2013,Tulsa,72,262,18,,,,,,,,,,
Chris Hall,TE,Tulsa,OK,6'0'',230,Tulsa,,25,,,2013,Tulsa,72,,,,,,,,,,,,
Ryan Rubley,QB,Highlands Ranch,CO,6'3'',189,Tulsa,,41,,,2013,Tulsa,71,299,10,,,,,,,,,,
Lionell Phillips,DE,Garland,TX,6'3'',265,Tulsa,,,,,2013,Tulsa,NR,,,,,,,,,,,,
Jesse Brubaker,DT,Wylie,TX,6'3'',240,Tulsa,,,,,2013,Tulsa,NR,,,,,,,,,,,,
Joe Bean,WR,Hooker,OK,5'11'',187,Tulsa,,,,,2013,Tulsa,NR,,,,,,,,,,,,
Jaylen Lowe,QB,Owasso,OK,6'0'',178,Tulsa,,,,,2013,Tulsa,NR,,,,,,,,,,,,
C.J. Gooden,OLB,Ashdown,AR,6'1'',220,Tulsa,,,,,2013,Tulsa,NR,,,,,,,,,,,,
Jacob Hanks,OLB,Fort Collins,CO,6'1'',225,Tulsa,,,,,2013,Tulsa,NR,,,,,,,,,,,,
Ray Crockett,CB,Southlake,TX,6'0'',160,Tulsa,,,,,2013,Tulsa,NR,,,,,,,,,,,,
Blake Mejia,OG,Tulsa,OK,6'3'',280,Tulsa,,,,,2013,Tulsa,NR, None, None,,,,,,,,,,
Kerwin Thomas,CB,Wagoner,OK,5'10'',160,Tulsa,,NR,,,2013,Tulsa,NR,,,,,,,,,,,,
Zach Webb,DT,Tulsa,OK,6'2'',280,Tulsa,,,,,2013,Tulsa,NR,,,,,,,,,,,,
Kolton Shindelar,TE,Liberty,MO,6'6'',252,Tulsa,,,,,2013,Tulsa,NR,,,,,,,,,,,,
Chad President,WR,Temple,TX,6'3'',195,Tulsa,,32,50,41,2015,Tulsa,81.0,,,,,,,,,,,,
Reginald Robinson III,ATH,Cleburne,TX,6'1'',179,Tulsa,,140,274,218,2015,Tulsa,73.0,,,,,,,,,,,,
Cristian Williams,CB,Dallas,TX,6'0'',165,Tulsa,,106,291,230,2015,Tulsa,72.0,,,,,,,,,,,,
Javon Thomas,RB,Texarkana,TX,6'2'',208,Tulsa,,161,318,252,2015,Tulsa,72.0,,,,,,,,,,,,
Tristan Wyatt,OT,Shawnee,OK,6'4'',293,Tulsa,,161,322,20,2015,Tulsa,71.0,,,,,,,,,,,,
McKinley Whitfield,S,Spiro,OK,6'3'',194,Tulsa,,142,334,21,2015,Tulsa,71.0,,,,,,,,,,,,
David Richardson,CB,Heath,TX,5'10'',165,Tulsa,,134,,,2015,Tulsa,70.0,,,,,,,,,,,,
Jarion Anderson,WR,Texarkana,TX,5'9'',165,Tulsa,,222,,,2015,Tulsa,69.0,,,,,,,,,,,,
Will Hefley,QB-PP,Little Rock,AR,6'3'',205,Tulsa,,64,,,2015,Tulsa,68.0,,,,,,,,,,,,
Blake Browning,DT,Pflugerville,TX,6'1'',280,Tulsa,,, None, None,2015,Tulsa,,,,,,,,,,,,,
Trevis Gipson,DE,Cedar Hill,TX,6'3'',197,Tulsa,,NR,,,2015,Tulsa,,,,,,,,,,,,,
Diamon Cannon,OLB,Killeen,TX,6'1'',198,Tulsa,,,,,2015,Tulsa,,,,,,,,,,,,,
Michael Anderson,DE,Owasso,OK,6'3'',230,Tulsa,,NR,,,2015,Tulsa,,,,,,,,,,,,,
Brenndan Johnson,CB,Waco,TX,5'10'',170,Tulsa,,,,,2015,Tulsa,,,,,,,,,,,,,
J.R. Reed,S (LQ),Plano,TX,6'1'',180,Tulsa,,, None, None,2015,Tulsa,,,,,,,,,,,,,
Austin Grotts,DE,Bixby,OK,6'3'',260,Tulsa,,,,,2015,Tulsa,,,,,,,,,,,,,
Christopher Ivy Jr.,OT,Wichita,KS,6'5'',285,Tulsa,,, NR, NR,2015,Tulsa,,,,,,,,,,,,,
Chris Minter,TE-HT,Temple,TX,6'3'',220,Tulsa,,NR,,,2015,Tulsa,,,,,,,,,,,,,
Keidrien Wadley,CB,Irving,TX,5'10'',170,Tulsa,,,,,2015,Tulsa,,,,,,,,,,,,,
Alex Pagonis,OG (JC),Gulf Breeze,FL,6'4'',320,Tulsa,,, NR, NR,2015,Tulsa,,,,,,,,,,,,,
Khari Harding,OLB (TR),Edmond,OK,6'1'',225,Tulsa,,,,,2015,Tulsa,,,,,,,,,,,,,
Deven Lamp,DE,Cedar Hill,TX,6'3'',218,Tulsa,,, None, None,2017,Tulsa,70.0,,,,,,,,,,,,
Adam Higuera,LS,Gilbert,AZ,6'1'',240,Tulsa,,8,,,2017,Tulsa,68.0,,,,,,,,,,,,
Sam Crawford,WR,Rockwall,TX,6'1'',190,Tulsa,,,,,2017,Tulsa,,,,,,,,,,,,,
Marcus Mays,S,Tulsa,OK,6'1'',170,Tulsa,,NR, NR, NR,2017,Tulsa,,,,,,,,,,,,,
J.C. Santana,WR,Katy,TX,5'11'',165,Tulsa,,NR,,,2017,Tulsa,,,,,,,,,,,,,
Josh Moore,WR,Prattville,AL,5'10'',164,Tulsa,,, None, None,2017,Tulsa,,,,,,,,,,,,,
Akayleb Evans,S,McKinney,TX,6'2'',175,Tulsa,,,,,2017,Tulsa,,,,,,,,,,,,,
Daiquain Jackson,CB,Mesquite,TX,5'10'',184,Tulsa,,, None, None,2017,Tulsa,,,,,,,,,,,,,
Reed Martin,RB,Tulsa,OK,6'1'',205,Tulsa,,,,,2017,Tulsa,,,,,,,,,,,,,
Dante Bivens,OG,Klein,TX,6'3'',256,Tulsa,,,,,2017,Tulsa,,,,,,,,,,,,,
Seth Boomer,QB-PP,Collinsville,OK,6'3'',185,Tulsa,,,,,2017,Tulsa,,,,,,,,,,,,,
Zaven Collins,QB-PP,Hominy,OK,6'4'',213,Tulsa,,,,,2017,Tulsa,,,,,,,,,,,,,
Bryson Powers,QB-DT,Cypress,TX,6'1'',180,Tulsa,,, None, None,2017,Tulsa,,,,,,,,,,,,,
Shamari Brooks,RB,Tulsa,OK,5'8'',181,Tulsa,,, None, None,2017,Tulsa,,,,,,,,,,,,,
Garrett Flanary,DT,Tulsa,OK,6'2'',274,Tulsa,,,,,2017,Tulsa,,,,,,,,,,,,,
Chase Brown,ILB,Kerrville,TX,6'2'',225,Tulsa,,,,,2017,Tulsa,,,,,,,,,,,,,
Malik Jackson,WR,Taylor,TX,6'2'',185,Tulsa,,NR,,,2017,Tulsa,,,,,,,,,,,,,
Keylon Stokes,WR,Manvel,TX,5'11'',180,Tulsa,,,,,2017,Tulsa,,,,,,,,,,,,,
Ryan Patrick,ILB,Tulsa,OK,6'1'',220,Tulsa,,, None, None,2017,Tulsa,,,,,,,,,,,,,
Allie Green,S,Johnson City,TX,6'2'',190,Tulsa,,, None, None,2017,Tulsa,,,,,,,,,,,,,
Gerald Wheeler,OT,Plano,TX,6'4'',260,Tulsa,,, None, None,2017,Tulsa,,,,,,,,,,,,,
Christian Bricker,DE,Piedmont,OK,6'5'',220,Tulsa,,NR,,,2017,Tulsa,,,,,,,,,,,,,
Chris Paul,OT,Houston,TX,6'4'',275,Tulsa,,, None, None,2017,Tulsa,,,,,,,,,,,,,
Cannon Montgomery,WR,Tulsa,OK,5'10'',175,Tulsa,,,,,2017,Tulsa,,,,,,,,,,,,,
Thomas Bennett,K,Carlsbad,CA,6'2'',180,Tulsa,,,,,2017,Tulsa,,,,,,,,,,,,,
Cooper Laake,DT,Austin,TX,6'3'',270.0,,Tulsa,76,222,162,2019,Tulsa,76.0,,,,,,,,,,,,
Korey King,WR,Missouri City,TX,,,,Tulsa,,,,2019,Tulsa,,,,,,,,,,,,,
Jaise Oliver,S,Fairfield,TX,6'1'',183.0,,Tulsa,NR,,,2019,Tulsa,,,,,,,,,,,,,
Lazarus May,OLB,Houston,TX,6'2'',198.0,,Tulsa,NR,,,2019,Tulsa,,,,,,,,,,,,,
Darrias Murdock,DT,Tulsa,OK,6'3'',275.0,,Tulsa,,,,2019,Tulsa,,,,,,,,,,,,,
Reginald Ellis,CB,Aldine,TX,5'10'',176.0,,Tulsa,,,,2019,Tulsa,,,,,,,,,,,,,
Chester Baah,OG,Tulsa,OK,6'2'',300.0,,Tulsa,, None, None,2019,Tulsa,,,,,,,,,,,,,
Chris Lovick,RB,Tomball,TX,5'8'',175.0,,Tulsa,NR,,,2019,Tulsa,,,,,,,,,,,,,
Trey Collier,ATH,Kaufman,TX,5'11'',165.0,,Tulsa,,,,2019,Tulsa,,,,,,,,,,,,,
RaQuan Thompson,DE,Killeen,TX,6'2'',260.0,,Tulsa,NR,,,2019,Tulsa,,,,,,,,,,,,,
Bershard Glaspie,OLB,Mesquite,TX,6'1'',205.0,,Tulsa,NR,,,2019,Tulsa,,,,,,,,,,,,,
Dorian Hopkins,ILB,Memphis,TN,5'11'',225.0,,Tulsa,NR, NR, NR,2019,Tulsa,,,,,,,,,,,,,
La'Darrion Florez,WR,Friendswood,TX,5'11'',170.0,,Tulsa,NR, NR, NR,2019,Tulsa,,,,,,,,,,,,,
Jeremy Jones,OT,Lewisville,TX,6'5'',301.0,,Tulsa,,,,2019,Tulsa,,,,,,,,,,,,,
Carson Collins,QB-PP,Allen,TX,6'1'',180.0,,Tulsa,NR,,,2019,Tulsa,,,,,,,,,,,,,
Ethan Hall,ATH,Bixby,OK,6'2'',215.0,,Tulsa,NR, NR, NR,2019,Tulsa,,,,,,,,,,,,,
Tyler Smith,OG,Fort Worth,TX,6'4'',315.0,,Tulsa,,,,2019,Tulsa,,,,,,,,,,,,,
Stanley Wynn,CB,Sanford,FL,6'0'',190.0,,Tulsa,NR, NR, NR,2019,Tulsa,,,,,,,,,,,,,
Mike Garrett Jr.,CB,Brenham,TX,6'0'',175.0,,Tulsa,, NR, NR,2019,Tulsa,,,,,,,,,,,,,
Denzel Carter,TE-Y,Perkinston,MS,6'4'',270.0,,Tulsa,, None, None,2019,Tulsa,,,,,,,,,,,,,
Lamar Mullins,S,Atlanta,GA,6'2'',190.0,,Tulsa,8,,,2019,Tulsa,,,,,,,,,,,,,
Ryan Nixon,S,Torrance,CA,6'2'',190.0,,Tulsa,,,,2019,Tulsa,,,,,,,,,,,,,
Tyquez Hampton,WR,El Paso,TX,6'2'',210,75.0,,15, None, None,2020,Tulsa,,,,Tulsa,,,,,,,,,
Jacob Kainer,TE-Y,Cypress,TX,6'4'',240,75.0,,4, None, None,2020,Tulsa,,,,Tulsa,,,,,,,,,
Tyler Tipton,K,Little Elm,TX,6'1'',175,74.0,,36,,,2020,Tulsa,,,,Tulsa,,,,,,,,,
Roman Fuller,QB-PP,Decatur,TX,6'3'',185,73.0,,54,296,218,2020,Tulsa,,,,Tulsa,,,,,,,,,
L.J. Wallace,S,Atwater,CA,6'3'',185,73.0,,11.0, None, None,2020,Tulsa,,,,Tulsa,,,,,,,,,
Jalen Paxton,WR,Manvel,TX,5'11'',170,73.0,,260,320,239,2020,Tulsa,,,,Tulsa,,,,,,,,,
Everitt Rogers,DT,Killeen,TX,6'2'',290,72.0,,115,344,260,2020,Tulsa,,,,Tulsa,,,,,,,,,
Bayne Tryon,TE-H,Cypress,TX,6'2'',205,72.0,,39,,,2020,Tulsa,,,,Tulsa,,,,,,,,,
Dillon Wade,OG,Houston,TX,6'4'',285,71.0,,165,378,283,2020,Tulsa,,,,Tulsa,,,,,,,,,
Malachi Jones,WR,Houston,TX,6'0'',170,71.0,,309,386,288,2020,Tulsa,,,,Tulsa,,,,,,,,,
James Middleton,OT,North Charleston,SC,6'5'',310,70.0,,31,,,2020,Tulsa,,,,Tulsa,,,,,,,,,
Rico Windham,S,Midwest City,OK,6'0'',170,70.0,,160,,,2020,Tulsa,,,,Tulsa,,,,,,,,,
Gabe Cantu,OG,Tulsa,OK,6'3'',285,70.0,,180,416,31,2020,Tulsa,,,,Tulsa,,,,,,,,,
Jaylon Shelton,ATH,West Rusk,,6'2'',180,70.0,,192,432,320,2020,Tulsa,,,,Tulsa,,,,,,,,,
Kaylon Washington,CB,Fort Worth,TX,6'2'',175,70.0,,212,437,324,2020,Tulsa,,,,Tulsa,,,,,,,,,
Deante Betts,OLB,Arlington,TX,6'1'',190,69.0,,189,448,332,2020,Tulsa,,,,Tulsa,,,,,,,,,
Damarco Williams,S,Temple,TX,6'3'',180,69.0,,176,,,2020,Tulsa,,,,Tulsa,,,,,,,,,
Sean O'Keefe,WR,San Saba,TX,6'2'',185,69.0,,166,1098,20,2020,Tulsa,,,,Tulsa,,,,,,,,,
Jaden Muskrat,DT,Bentonville,AR,6'3'',275,68.0,,476,259,32,2020,Tulsa,,,,Tulsa,,,,,,,,,
Haydon Grant,DE,Owasso,OK,6'5'',215,68.0,,NR,,,2020,Tulsa,,,,Tulsa,,,,,,,,,
Bryce Alonso,DE,Tulsa,OK,6'4'',265,,,,,,2020,Tulsa,,,,Tulsa,,,,,,,,,
Deneric Prince,RB,Manvel,TX,6'1'',196,,,,,,2020,Tulsa,,,,Tulsa,,,,,,,,,
Brian Johnson,OLB,Manvel,TX,6'2'',190,,,,,,2020,Tulsa,,,,Tulsa,,,,,,,,,
Grayson Boomer,TE-Y,Collinsville,OK,6'3'',230,,,,,,2020,Tulsa,,,,Tulsa,,,,,,,,,
Bill Jackson,RB,Saint Louis,MO,5'10'',195,Tulsa,,,273,19,2021,Tulsa,75,,,,,,,,,,,,
Braylon Braxton,QB,Frisco,TX,6'1'',200,Tulsa,,62,,,2021,Tulsa,74,,,,,,,,,,,,
Marquis Shoulders,WR,Katy,TX,5'8'',155,Tulsa,,218,,,2021,Tulsa,74,,,,,,,,,,,,
Scottie Alexander,ATH,Collierville,TN,6'1'',185,Tulsa,,125,691,43,2021,Tulsa,73,,,,,,,,,,,,
Jaden Moore,ILB,Shreveport,LA,6'2'',210,Tulsa,,78,,,2021,Tulsa,70,,,,,,,,,,,,
Owen Ostroski,DE,Tulsa,OK,6'2'',245,Tulsa,,231,,,2021,Tulsa,70,,,,,,,,,,,,
Roderick Hopes,S,Jefferson,TX,6'2'',180,Tulsa,,172,473,354,2021,Tulsa,70,,,,,,,,,,,,
Samari Allen,DT,Pensacola,FL,6'0'',275,Tulsa,,138,945,304,2021,Tulsa,70,,,,,,,,,,,,
Tyler McMillan,OG,River Rouge,MI,6'5'',315,Tulsa,,142,,,2021,Tulsa,70,,,,,,,,,,,,
Bryce Bray,OT,Bixby,OK,6'5'',310,Tulsa,,, None, None,2021,Tulsa,Not Available,,,,,,,,,,,,
Jon-Michael Terry,OLB,Tulsa,OK,6'3'',245,Tulsa,,,,,2021,Tulsa,Not Available,,,,,,,,,,,,
Timothy Carpenter,,,,,,,,16,,,2024,Tulsa,,76,27,,, QB-DT, Trotwood, OH, 6'3'',215.0, 78, None, Tulsa
Jaxon Lee,,,,,,,,56,,,2024,Tulsa,,169,134,,, OLB, Frisco, TX, 6'2'',215.0, 77, None, Tulsa
Joshua Smith,,,,,,,,105,,,2024,Tulsa,,175,139,,, WR, Crandall, TX, 6'4'',205.0, 77, None, Tulsa
Alex Green,,,,,,,,119,,,2024,Tulsa,,199,156,,, WR, Hutto, TX, 5'11'',190.0, 77, None, Tulsa
Elijah Green,,,,,,,,87,,,2024,Tulsa,,,,,, ATH, Oklahoma City, OK, 6'1'',180.0, 77, None, Tulsa
Brody Duffel,,,,,,,,120,,,2024,Tulsa,,,,,, OT, Bixby, OK, 6'4'',250.0, 76, None, Tulsa
Jewlyen Roberts,,,,,,,,23,,,2024,Tulsa,,,,,, TE-Y, Richardson, TX, 6'4'',235.0, 76, None, Tulsa
Aquavious Dunbar,,,,,,,,88,,,2024,Tulsa,,508,12,,, OLB, Lake Village, AR, 6'1'',220.0, 76, None, Tulsa
Jacob Emmers,,,,,,,,151,,,2024,Tulsa,,,,,, WR, Anna, TX, 5'10'',185.0, 76, None, Tulsa
Joseph Williams,,,,,,,,110,,,2024,Tulsa,,,,,, S, Arlington, TX, 6'1'',200.0, 76, None, Tulsa
Lloyd Avant,,,,,,,,,,,2024,Tulsa,,,,,, RB, Houston, TX, 5'10'',195.0, 76, None, Tulsa
Corey Smith,,,,,,,,157,,,2024,Tulsa,,150,18,,, WR, Brownsburg, IN, 6'1'',175.0, 76, None, Tulsa
Jack Tanner,,,,,,,,94,,,2024,Tulsa,,,,,, OG, Flower Mound, TX, 6'5'',285.0, 75, None, Tulsa
Will Smith,,,,,,,,,,,2024,Tulsa,,,,,, DE, Choctaw, OK, 6'3'',210.0, 75, None, Tulsa
Mason Fleming,,,,,,,,106,,,2024,Tulsa,,,,,, DT, Manvel, TX, 6'2'',245.0, 74, None, Tulsa
Maruio White,,,,,,,,157,,,2024,Tulsa,,324,248,,, DE, Arlington, TX, 6'2'',210.0, 74, None, Tulsa
Jackson Ford,,,,,,,,43,,,2024,Tulsa,,327,250,,, TE-Y, Melissa, TX, 6'5'',230.0, 74, None, Tulsa
Dax Collins,,,,,,,,161,,,2024,Tulsa,,340,21,,, S, Poteau, OK, 6'0'',180.0, 74, None, Tulsa
Zachaun Williams,,,,,,,,,,,2024,Tulsa,,,,,, S, Tyler, TX, 6'1'',175.0, 74, None, Tulsa
Ashton Williams,,,,,,,,164,,,2024,Tulsa,,,,,, S, Trophy Club, TX, 5'11'',185.0, 74, None, Tulsa
DeDaunte Scott,,,,,,,,168,,,2024,Tulsa,,355,273,,, CB, Kennedale, TX, 5'11'',165.0, 74, None, Tulsa
Will Upshaw,,,,,,,,172,,,2024,Tulsa,,,,,, DE, Flower Mound, TX, 6'3'',240.0, 73, None, Tulsa
Viron Ellison,,,,,,,,165,,,2024,Tulsa,,378,290,,, ATH, Lewisville, TX, 6'0'',185.0, 73, None, Tulsa
Daedrion Garrett,,,,,,,,188,,,2024,Tulsa,,379,291,,, S, Longview, TX, 5'10'',190.0, 72, None, Tulsa
Ross Johnston,,,,,,,,190,,,2024,Tulsa,,401,25,,, OT, Blanchard, OK, 6'6'',291.0, 71, None, Tulsa
Joe Hjelle,,,,,,,,17,,,2024,Tulsa,,,,,, DT, Decorah, IA, 6'3'',290.0, 70, None, Tulsa
Colten Christian,,,,,,,,197,,,2024,Tulsa,,408,26,,, OT, Collinsville, OK, 6'4'',285.0, 70, None, Tulsa
Myles Jackson,,,,,,,,,,,2024,Tulsa,,,,,, ILB, Buford, GA, 6'4'',250.0, None, None, Tulsa
Zion Steptoe,,,,,,,,,,,2024,Tulsa,,,,,, WR, West Lafayette, IN, 5'11'',190.0, None, None, Tulsa
Amieh Williams,,,,,,,,,,,2024,Tulsa,,,,,, DT, San Angelo, TX, 6'2'',270.0, None, None, Tulsa
Jacob Waller,,,,,,,,,,,2024,Tulsa,,,,,, OC, Arlington, TX, 6'5'',283.0, None, None, Tulsa
