Name,Pos,City,State,Height,Weight,Stars,Grade,School,Pos_rank,Reg_rank,State_rank,Year,Team,University, Reg_rank, State_rank
Anthony Williams,DE,Miami,FL,6'3'',210,,Miami Edison Senior High School,,,,,2006,Western Michigan,,,
Jordan White,WR,North Ridgeville,OH,6'2'',195,,North Ridgeville High School,,,,,2006,Western Michigan,,,
Brandon West,RB,Kingsland,GA,5'11'',175,,Camden County High School,,,,,2006,Western Michigan,,,
Glenis Thompson,FB,West Palm Beach,FL,5'8'',215,,Palm Beach Lakes High School,,14,301,NR,2006,Western Michigan,,,
Phillip Swanson,OT,Grand Haven,MI,6'4'',295,,Grand Haven High School,,,,,2006,Western Michigan,,,
Chris Pyant,DT,Farmington Hills,MI,6'2'',250,,Harrison High School,,67,118,NR,2006,Western Michigan,,,
Thomas Peregrin,QB,Bakersfield,CA,6'3'',185,,,,NR,NR,NR,2006,Western Michigan,,,
Stephen Penn,WR,Wayne,PA,6'1'',200,,,,,,,2006,Western Michigan,,,
Jim O'Neill,FB,,,6'4'',230,,,,NR,NR,NR,2006,Western Michigan,,,
Juan Nunez,WR,Miami,FL,6'1'',175,,Carol City High School,,,,,2006,Western Michigan,,,
Jamelle Murray,WR,Delray Beach,FL,5'10'',160,,Atlantic High School,,,,,2006,Western Michigan,,,
Jaymeson Moody,DE,Fort Lauderdale,FL,6'2'',226,,Dillard High School,,,,,2006,Western Michigan,,,
Nick Mitchell,OC,Palatine,IL,6'3'',280,,William Fremd High School,,NR,NR,NR,2006,Western Michigan,,,
Herb Martin,WR,Lakewood,CA,6'1'',185,,,,62,,,2006,Western Michigan,,,
Ben Hunderman,TE,Zeeland,MI,6'4'',241,,Zeeland High School,,,,,2006,Western Michigan,,,
Andy Dorcely,WR,North Miami Beach,FL,6'1'',190,,North Miami Beach Senior High School,,NR,,,2006,Western Michigan,,,
Bobby Crawford,RB,Fort Lauderdale,FL,5'9'',170,,Saint Thomas Aquinas High School,,,,,2006,Western Michigan,,,
David Coleman,WR,Kingsland,GA,5'11'',170,,Camden County High School,,,,,2006,Western Michigan,,,
Nick Clemens,OT,Waunakee,WI,6'6'',315,,Waunakee High School,,,,,2006,Western Michigan,,,
Drew Burdi,QB,Downers Grove,IL,6'2'',190,,Downers Grove South High School,,155,87,NR,2006,Western Michigan,,,
Mark Berghuis,ILB,Kaukauna,WI,6'2'',215,,Kaukauna High School,,,,,2006,Western Michigan,,,
Andrew Yuds,OG,Wales,WI,6'5'',250,,,,,,,2007,Western Michigan,Western Michigan, None, None
Andrew Wersel,OLB,Cincinnati,OH,6'2'',220,,,,,,,2007,Western Michigan,Western Michigan,,
Dervon Wallace,CB,Stone Mountain,GA,6'0'',180,,,,Reg_rank,,,2007,Western Michigan,Western Michigan,,
Rudy Robinson,ILB,Pahokee,FL,6'2'',215,,,,,,,2007,Western Michigan,Western Michigan,,
Harrison Porter,ILB,Fort Lauderdale,FL,6'0'',195,69.0,,,,,,2007,Western Michigan,Western Michigan,,
Lee Pethan,OG,Hilbert,WI,6'4'',285,,,,,,,2007,Western Michigan,Western Michigan,,
Anthony Parker,OT,Miami,FL,6'5'',305,,,,,,,2007,Western Michigan,Western Michigan,,
Juan Nunez,WR,Miami,FL,6'1'',215,,,,,,,2007,Western Michigan,Western Michigan,,
Anthony Middleton,TE,Coconut Creek,FL,6'4'',200,,,,,,,2007,Western Michigan,Western Michigan,,
Kyle McDowell,WR,Miami,FL,6'1'',185,,,,,,,2007,Western Michigan,Western Michigan, None, None
Jacoby Love,DT,Pahokee,FL,6'0'',280,,,,,,,2007,Western Michigan,Western Michigan,,
David Lewis,CB,Deerfield Beach,FL,5'10'',175,,,,,,,2007,Western Michigan,Western Michigan,,
Deshon Lawrence,WR,College Park,GA,6'0'',175,,75.0,,,,,2007,Western Michigan,Western Michigan,,
Schnider Julien,WR,North Miami Beach,FL,5'10'',180,,,,,,,2007,Western Michigan,Western Michigan,,
Jonathan Jack,OG,Chicago Heights,IL,6'6'',290,,,,NR,,,2007,Western Michigan,Western Michigan, NR, NR
Nicholas Hunter,S,College Park,GA,6'1'',210,,,,154,,,2007,Western Michigan,Western Michigan,,
Keith Dixson,CB,Flint,MI,6'2'',190,,,,,,,2007,Western Michigan,Western Michigan,,
Kevin Cyrille,DT,Miami,FL,6'3'',255,,,,NR,,,2007,Western Michigan,Western Michigan," ""NR"""," ""NR"""
Mario Armstrong,S,Warner Robins,GA,6'0'',188,,,,,,,2007,Western Michigan,Western Michigan, None, None
Ben Armer,K,Janesville,WI,6'1'',180,,,,,,,2007,Western Michigan,Western Michigan,,
Alvin Amilcar,DE,Palm Beach,FL,6'3'',235,,,,,,,2007,Western Michigan,Western Michigan,,
Jeff Zipfel,TE,Wales,WI,6'7'',210,Not Rated,Western Michigan,,,,,2008,Western Michigan,, None, None
Mitch Zajac,ILB,Holt,MI,6'0'',247,72,Western Michigan,,,,,2008,Western Michigan,,,
Aaron Winchester,RB,Miami,FL,5'9'',200,Not Rated,Western Michigan,,NR,,,2008,Western Michigan,, NR, NR
Doug Wiggins,CB,Miami,FL,5'11'',188,Transfer,Western Michigan,,,,,2008,Western Michigan,, None, None
Alexander Starkey,OT,Winter Park,FL,6'5'',270,Not Rated,Western Michigan,,,,,2008,Western Michigan,, None, None
Jamie Simpson,FB,Dowagiac,MI,6'0'',224,74,Western Michigan,,12,,,2008,Western Michigan,, NR, NR
Ravelle Sadler,CB,Cincinnati,OH,5'9'',163,Not Rated,Western Michigan,,,,,2008,Western Michigan,,,
Waymon Ross,OLB,Marathon,FL,6'2'',225,Not Rated,Western Michigan,,,,,2008,Western Michigan,, None, None
Chris Prom,TE,Port Washington,WI,6'4'',225,67,Western Michigan,,99,,,2008,Western Michigan,, NR, NR
Joshua Price,S,Jacksonville,FL,5'11'',185,68,Western Michigan,,115,,,2008,Western Michigan,,581,NR
John Potter,K,Grand Haven,MI,6'2'',190,Not Rated,Western Michigan,,,,,2008,Western Michigan,, NR, NR
Weston Peiffer,ILB,Chaska,MN,6'4'',228,67,Western Michigan,,,,,2008,Western Michigan,, None, None
Seth Patterson,WR,Round Rock,TX,6'3'',185,Not Rated,Western Michigan,,,,,2008,Western Michigan,, None, None
Drew Nowak,DE,De Pere,WI,6'3'',250,Not Rated,Western Michigan,,,,,2008,Western Michigan,,,
Deauntay Legrier,FB,Rochelle,GA,6'1'',240,Not Rated,Western Michigan,,,,,2008,Western Michigan,, None, None
Kyle Lackner,ILB,Naperville,IL,6'4'',228,Not Rated,Western Michigan,,NR,,,2008,Western Michigan,,,
Sam Jaeger,OT,Westville,IN,6'5'',320,Not Rated,Western Michigan,,,,,2008,Western Michigan,, None, None
Lawrence Henning,OLB,Chicago,IL,6'2'',205,Not Rated,Western Michigan,,NR,,,2008,Western Michigan,,,
Blake Hammond,TE,Frankfort,IL,6'4'',233,Not Rated,Western Michigan,,NR,,,2008,Western Michigan,,,
Kevin Galeher,OT,Chicago,IL,6'4'',305,76,Western Michigan,,56,,,2008,Western Michigan,, None, None
Kelly Dawsey,CB,Valdosta,GA,6'0'',175,Not Rated,Western Michigan,,,,,2008,Western Michigan,,,
Alex Carder,QB,Shawnee,KS,6'2'',188,73,Western Michigan,,,,,2008,Western Michigan,, None, None
Ryan Byrne,DT,Woodstock,GA,6'0'',270,Not Rated,Western Michigan,,NR,,,2008,Western Michigan,,,
Freddie Bishop,DE,Carleton,MI,6'4'',240,Not Rated,Western Michigan,,,,,2008,Western Michigan,,,
Jamail Berry,S,Coffeyville,KS,6'0'',200,Not Rated,Western Michigan,,,,,2008,Western Michigan,, None, None
Mark Zielinski,OT,Winnetka,IL,6'4'',320,78.0,Western Michigan,,31,,,2009,Western Michigan,, None, None
Greg Peterson,OT,Waukesha,WI,6'5'',255,76.0,Western Michigan,,76,,,2009,Western Michigan,,,
Josh Hadel,OG,Gladstone,MI,6'6'',275,75.0,Western Michigan,,,,,2009,Western Michigan,, None, None
Ben Samson,OT,Lincolnshire,IL,6'6'',310,75.0,Western Michigan,,,,,2009,Western Michigan,,86, None
Josh Schaffer,WR,Naperville,IL,6'2'',185,74.0,Western Michigan,,141,,,2009,Western Michigan,,,
Brian Fields,RB,New Castle,DE,5'9'',190,73.0,Western Michigan,,142,,,2009,Western Michigan,,,
Christopher Blair,TE,Grand Rapids,MI,6'4'',217,72.0,Western Michigan,,100,,,2009,Western Michigan,,,
Antoin Scriven,RB,Inverness,FL,6'1'',190,72.0,Western Michigan,,72,,,2009,Western Michigan,,648,237
Trey Smith,WR,Perry,GA,6'5'',200,71.0,Western Michigan,,189,,,2009,Western Michigan,,672,135
David Box,DT,Milan,MI,6'2'',265,70.0,Western Michigan,,127,,,2009,Western Michigan,, NR, NR
Tyler Van Tubbergen,QB,Holland,MI,6'4'',190,70.0,Western Michigan,,NR,,,2009,Western Michigan,,,
James Sandlin,DT,Tuscaloosa,AL,6'2'',275,69.0,Western Michigan,,137,,,2009,Western Michigan,,,
Lewis Toler,CB,New Castle,DE,5'11'',171,,Western Michigan,,,,,2009,Western Michigan,, None, None
Jamal Gray,WR,Harvey,IL,6'3'',190,,Western Michigan,,NR,,,2009,Western Michigan,, NR, NR
Parris Lee,RB,Neptune Beach,FL,5'8'',170,,Western Michigan,,,,,2009,Western Michigan,, None, None
Kyle Lark,ILB,Alma,MI,6'1'',225,,Western Michigan,,,,,2009,Western Michigan,,,
Clark Mussman,TE,Portage,IN,6'3'',245,,Western Michigan,,NR,,,2009,Western Michigan,,,
Terry Davisson,OT,Rensselaer,IN,6'6'',260,,Western Michigan,,NR,,,2009,Western Michigan,,,
Paul Hazel,DE,Miami,FL,6'6'',230,,Western Michigan,,,,,2009,Western Michigan,,,
Damond Smith,CB,Inkster,MI,6'0'',175,,Western Michigan,,NR,,,2009,Western Michigan,,,
Tronic Williams,WR,Fort Myers,FL,6'2'',175,,Western Michigan,,,,,2009,Western Michigan,,,
Ansel Ponder,WR,Bluefield,WV,6'3'',190,,Western Michigan,,,,,2009,Western Michigan,,,
Jermaine Vereen,CB,Conway,SC,5'9'',180,,Western Michigan,,,,,2009,Western Michigan,,,
Corey Sueing,DE,Grand Rapids,MI,6'3'',230,,Western Michigan,,,,,2009,Western Michigan,,,
Chleb Ravenell,WR,Mount Pleasant,SC,6'2'',190,,Western Michigan,,NR,,,2009,Western Michigan,, NR, NR
T.J. Lynch,DE,Hephzibah,GA,6'4'',245,,Western Michigan,,NR,,,2009,Western Michigan,,,
Dallas Walker,TE,Madison,MS,6'6'',230,,Western Michigan,,,,,2009,Western Michigan,, None, None
Marcus Cann,OT,Bamberg,SC,6'5'',305,,Western Michigan,,NR,,,2009,Western Michigan,,,
Tevin Drake,RB,Brooksville,FL,5'11'',195,75.0,,,109, NR, NR,2010,Western Michigan,,,
Johnnie Simon,S,West Palm Beach,FL,,170,75.0,,,98,,,2010,Western Michigan,,,
Mike Perish,QB,Chicago,IL,6'2'',185,74.0,,,NR,NR,NR,2010,Western Michigan,,,
Nick Galvin,ILB,Cincinnati,OH,6'0'',215,72.0,,,NR,NR,NR,2010,Western Michigan,,,
Manny Diaz,DE,Hialeah,FL,6'2'',193,71.0,,,180,,,2010,Western Michigan,,,
Patrick Driscoll,DT,Lemont,IL,6'3'',270,71.0,,,,,,2010,Western Michigan,,,
Travonte Boles,DT,Vero Beach,FL,5'11'',312,71.0,,,148,,,2010,Western Michigan,,,
Ali Kassem,OT,Cincinnati,OH,6'5'',305,70.0,,,152,,,2010,Western Michigan,,,
Desmond Bozeman,ILB,Fort Lauderdale,FL,5'11'',216,70.0,,,,,,2010,Western Michigan,,,
Jon Hoffing,OG,Libertyville,IL,6'4'',294,69.0,,,69,189,,2010,Western Michigan,,,
Dareyon Chance,RB,Fort Lauderdale,FL,5'5'',150,65.0,,,278,,,2010,Western Michigan,,,
Demetrius Pettway,,Homestead,FL,5'11'',177,,,,,,,2010,Western Michigan,,,
Raheam Buxton,CB,Pahokee,FL,6'0'',171,,,,,,,2010,Western Michigan,,,
Garrett Smith,CB,Fort Lauderdale,FL,5'8'',159,,,,,,,2010,Western Michigan,,,
Zach Wynn,QB,Hudson,FL,6'2'',190,,,,,,,2010,Western Michigan,,,
Jonathan Henry,CB,Kentwood,MI,5'11'',165,,,,NR,,,2010,Western Michigan,,,
Matthew Finnin,OT,Crete,IL,6'6'',307,,,,,,,2010,Western Michigan,,,
Weston Ross,RB,Wheeling,IL,5'11'',183,,,,NR,NR,NR,2010,Western Michigan,,,
Mike Liedke,DE,Woodstock,IL,6'4'',240,,,,,,,2010,Western Michigan,,,
Michael Johnson,QB,Clinton Township,MI,6'1'',200,,,,NR,NR,NR,2010,Western Michigan,,,
Peter Terrana,TE,Saint Petersburg,FL,6'3'',215,,,,,,,2010,Western Michigan,,,
Maurice Roberts,ATH,Immokalee,FL,6'0'',180,,,,NR,NR,NR,2010,Western Michigan,,,
Zack Wynn,QB,Tampa,FL,6'2'',190,,,,,,,2010,Western Michigan,,,
John Henry,CB,Kentwood,MI,5'11'',182,,,,NR,NR,NR,2010,Western Michigan,,,
Brandon Gannon,DT,Halethorp,MD,6'2'',273,,,,,,,2010,Western Michigan,,,
Marcus Cann,OT,Bamberg,SC,6'5'',305,,,,NR,NR,NR,2010,Western Michigan,,,
John Rice,DT,Starkville,MS,6'1'',280,,,,,,,2010,Western Michigan,,,
Dex Jones,OLB,Lombard,IL,6'10'',215,,,,,,,2010,Western Michigan,,,
Jaime Wilson,WR,Belle Glade,FL,5'11'',185,77,Western Michigan,,,,,2012,Western Michigan,, None, None
David Reed,S,Miami Beach,FL,5'11'',195,76,Western Michigan,,,,,2012,Western Michigan,, None, None
Mikhail Dubose,DE,Chicago,IL,6'2'',245,75,Western Michigan,,164,,,2012,Western Michigan,,,
Roosevelt Donaldson,DE,Miami,FL,6'2'',255,75,Western Michigan,,175,,,2012,Western Michigan,,612,216
A.J. King,WR,Seffner,FL,5'10'',159,75,Western Michigan,,,,,2012,Western Michigan,,,
Anthony Maddie,QB,Aurora,IL,6'2'',186,74,Western Michigan,,114,,,2012,Western Michigan,,,
Nicholas Roach,OT,Chicago,IL,6'4'',295,74,Western Michigan,,155,,,2012,Western Michigan,,241,39
Jonathan Harden,DT,Saint Paul,MN,5'10'',305,73,Western Michigan,,146,,,2012,Western Michigan,,,
Laderick Black,CB,Pensacola,FL,5'11'',170,71,Western Michigan,,147,,,2012,Western Michigan,,912,328
Ben Davisson,OT,Rensselaer,IN,6'9'',290,70,Western Michigan,,,,,2012,Western Michigan,, None, None
Michael Henry Jr.,WR,Flint,MI,5'10'',160,68,Western Michigan,,362,,,2012,Western Michigan,, None,73
Gabe Hantsbarger,WR,Pompano Beach,FL,6'4'',200,68,Western Michigan,,,,,2012,Western Michigan,,,
Daniel Braverman,WR,Plantation,FL,5'10'',170,68,Western Michigan,,273,,,2012,Western Michigan,,,
Zach Terrell,QB,Fort Wayne,IN,6'2'',200,67,Western Michigan,,198,,,2012,Western Michigan,,,
Taylor Moton,OT,Okemos,MI,6'5'',270,NR,Western Michigan,,NR,,,2012,Western Michigan,, NR, NR
Andrew Aurand,OG,Troy,MI,6'3'',270,NR,Western Michigan,,,,,2012,Western Michigan,,,
Justin Motley,S,Virginia Beach,VA,5'11'',173,NR,Western Michigan,,,,,2012,Western Michigan,,,
Jared Joyner,RB,Coral Springs,FL,6'0'',171,NR,Western Michigan,,,,,2012,Western Michigan,,,
Treyvon Johnson,S,Stuart,FL,5'11'',197,NR,Western Michigan,,,,,2012,Western Michigan,,,
Jabari Bothwell,DT,Citra,FL,5'11'',260,NR,Western Michigan,,,,,2012,Western Michigan,, None, None
Demetris Ates,S,Pembroke Pines,FL,6'0'',170,NR,Western Michigan,,,,,2012,Western Michigan,, NR, NR
Ben Arnold,TE,Saint Louis,MO,6'6'',205,NR,Western Michigan,,NR,,,2012,Western Michigan,, NR, NR
Leo Alba,CB,Fort Lauderdale,FL,6'0'',170,NR,Western Michigan,,NR,,,2012,Western Michigan,,,
Junior Estelus,DT,Lake Worth,FL,6'0'',270,NR,Western Michigan,,,,,2012,Western Michigan,, None , None
J. Schroeder,K,Columbus,OH,6'2'',195,NR,Western Michigan,,,,,2012,Western Michigan,, None, None
Jake Minster,ILB,Woodland Hills,CA,6'1'',230,NR,Western Michigan,,NR,,,2012,Western Michigan,, NR, NR
Darrin Duncan,WR,Walnut,CA,6'0'',180,NR,Western Michigan,,,,,2012,Western Michigan,, NR, None
Terry Easmon,ILB,Elk Grove,CA,6'3'',230,NR,Western Michigan,,NR,,,2012,Western Michigan,, NR, NR
Justin Collins,WR,Sacramento,CA,6'2'',200,NR,Western Michigan,,NR,,,2012,Western Michigan,,,
Cameron Thomas,QB-PP,South Lyon,MI,6'4'',170,,76,Western Michigan,,,,2013,Western Michigan,, None, None
Khairi Bailey,DE,Chicago,IL,6'3'',240,,73,Western Michigan,105,,,2013,Western Michigan,,165,36
Jackson Day,OT,Mishawaka,IN,6'4'',280,,72,Western Michigan,124,,,2013,Western Michigan,,181,18
Logan Oce,CB,Miami,FL,5'11'',170,,67,Western Michigan,121,,,2013,Western Michigan,,716,274
Shakir Carr,OT,South Bend,IN,6'3'',283,,67,Western Michigan,244,,,2013,Western Michigan,,6,26
David Curle,OG,Shelby Township,MI,6'3'',275,,62,Western Michigan,135,,,2013,Western Michigan,,,
Corey Davis,WR,Wheaton,IL,6'2'',180,,NR,Western Michigan,,,,2013,Western Michigan,,,
Evan Faunce,TE-Y,Indianapolis,IN,6'3'',215,,NR,Western Michigan,,,,2013,Western Michigan,,,
Caleb Bailey,OLB,Romeoville,IL,6'0'',208,,NR,Western Michigan,NR,,,2013,Western Michigan,,,
Fabian Johnson,RB,Miami,FL,5'8'',177,,NR,Western Michigan,,,,2013,Western Michigan,, None, None
Austin Lewis,OLB,Terre Haute,IN,6'3'',205,,NR,Western Michigan,,,,2013,Western Michigan,,,
Josh Bass,OT,Battle Creek,MI,6'5'',285,,NR,Western Michigan,NR,,,2013,Western Michigan,, NR, NR
Andre Turner,DE,Harper Woods,MI,6'3'',220,,NR,Western Michigan,,,,2013,Western Michigan,,,
Darius Phillips,ATH,Dearborn Heights,MI,5'11'',185,,NR,Western Michigan,NR,,,2013,Western Michigan,,,
Edward Rolle,ATH,Miami,FL,6'3'',190,,NR,Western Michigan,,,,2013,Western Michigan,,,
Kristof Ifkovits,DT,River Grove,IL,6'4'',306,,NR,Western Michigan,NR,,,2013,Western Michigan,,NR,NR
Mario Rodriguez,TE-Y,Portola,CA,6'3'',265,,NR,Western Michigan,,,,2013,Western Michigan,, None, None
Austin Guido,RB,Aurora,IL,5'10'',192,,NR,Western Michigan,,,,2013,Western Michigan,, None, None
Brett Scanlon,K,Dowagiac,MI,6'0'',195,,NR,Western Michigan,,,,2013,Western Michigan,, None, None
Jamar Simpkins,TE-Y,Miami,FL,6'3'',265,,NR,Western Michigan,,,,2013,Western Michigan,,,
Lonnie Johnson,WR,Gary,IN,6'2'',180,81.0,Western Michigan,,52,,,2014,Western Michigan,,35,5
Chance Stewart,QB-PP,Sturgis,MI,6'5'',210,80.0,Western Michigan,,19,,,2014,Western Michigan,,46,8
Jordan Van Dort,OT,Zeeland,MI,6'5'',275,77.0,Western Michigan,,56,,,2014,Western Michigan,,94,16
Jay Harris,WR,Exton,PA,5'11'',170,77.0,Western Michigan,,,,,2014,Western Michigan,,,
Kenneth Finley Jr.,DT,Muskegon,MI,6'2'',270,76.0,Western Michigan,,80,,,2014,Western Michigan,,117,17
Robert Spillane,RB,Oak Park,IL,6'1'',215,75.0,Western Michigan,,110,,,2014,Western Michigan,,130,29
Chukwuma Okorafor,OT,Southfield,MI,6'5'',270,74.0,Western Michigan,,102,,,2014,Western Michigan,,161,25
Javonte Seabury,ATH,Orlando,FL,5'9'',165,74.0,Western Michigan,,122,,,2014,Western Michigan,,,
Leo Ekwoge,RB,Olney,MD,5'11'',195,73.0,Western Michigan,,146,,,2014,Western Michigan,,196,34
Curtis Doyle,OT,Alma,MI,6'5'',310,73.0,Western Michigan,,127,,,2014,Western Michigan,,,
Elliott Jordan,OT,Kentwood,MI,6'6'',255,73.0,Western Michigan,,199,,,2014,Western Michigan,,,
Asantay Brown,ATH,North Shores,MI,6'0'',180,73.0,Western Michigan,,150,,,2014,Western Michigan,,205,32
Jamauri Bogan,RB,Union,NJ,5'6'',164,73.0,Western Michigan,,150,,,2014,Western Michigan,,214,47
Zach Novoselsky,OT,Lincolnshire,IL,6'5'',260,72.0,Western Michigan,,147,,,2014,Western Michigan,,228,50
Deontae Brown,S,Chicago,IL,6'1'',195,69.0,Western Michigan,,148,,,2014,Western Michigan,,254,55
Antione Stone,RB,Bedford,OH,5'10'',180,,Western Michigan,,,,,2014,Western Michigan,, None, None
Jordan Billingslea,CB,Southfield,MI,5'7'',153,,Western Michigan,,NR,,,2014,Western Michigan,, NR, NR
Nick Matich,DT,Clarkston,MI,6'2'',280,,Western Michigan,,,,,2014,Western Michigan,,,
Lucas Bezerra,TE-Y,Troy,MI,6'4'',233,,Western Michigan,,,,,2014,Western Michigan,,,
Nathan Braster,DE,Fort Wayne,IN,6'5'',240,,Western Michigan,,,,,2014,Western Michigan,,,
Jarvion Franklin,RB,Tinley Park,IL,6'0'',220,,Western Michigan,,,,,2014,Western Michigan,, None, None
Alon Sims,OLB,Royal Palm Beach,FL,6'2'',177,,Western Michigan,,,,,2014,Western Michigan,, None, None
Jacari Faulkner,DE,Detroit,MI,6'2'',242,,Western Michigan,,,,,2014,Western Michigan,,,
Wyatt Pfeifer,OG,Delaware,OH,6'3'',250,,Western Michigan,,,,,2014,Western Michigan,,,
Chris McDaniel,ATH,Detroit,MI,6'3'',235,,Western Michigan,,,,,2014,Western Michigan,, None, None
Del'Shawn Phillips,ILB,Detroit,MI,6'2'',225,,Western Michigan,,,,,2014,Western Michigan,,,
Jason Sylva,ILB,Franklin,MA,6'2'',245,,Western Michigan,,,,,2014,Western Michigan,, None, None
Jakevin Jackson,OLB,Milledgeville,GA,6'3'',225,,Western Michigan,,,,,2014,Western Michigan,,,
Kenneth Finley Jr,DT,Muskegon,MI,6'2'',285,76,Western Michigan,,,,,2015,Western Michigan,, None, None
Kadeem Goulbourne,WR,Weston,FL,6'3'',195,75,Western Michigan,,,,,2015,Western Michigan,, None, None
Justin Tranquill,ATH,Fort Wayne,IN,5'11'',175,75,Western Michigan,,125,,,2015,Western Michigan,,,
Paul Engram,ILB,Detroit,MI,6'0'',220,74,Western Michigan,,43,,,2015,Western Michigan,,136,16
Sam Beal,WR,Grand Rapids,MI,6'1'',180,73,Western Michigan,,173,,,2015,Western Michigan,,,
Davon Tucker,RB,Somerdale,NJ,5'10'',205,73,Western Michigan,,144,,,2015,Western Michigan,,,
Alex Grace,RB,Saginaw,MI,6'1'',200,73,Western Michigan,,145,,,2015,Western Michigan,,164,23
Keishawn Watson,ATH,Wheaton,IL,5'11'',165,73,Western Michigan,,134,,,2015,Western Michigan,,,
John Keenoy,OG,Kentwood,MI,6'3'',303,73,Western Michigan,,117,,,2015,Western Michigan,,172,24
Davontae Ginwright,S,Southfield,MI,6'2'',185,71,Western Michigan,,138,,,2015,Western Michigan,,215,36
Donte Horton,DE,West Chester,OH,6'5'',200,71,Western Michigan,,146,,,2015,Western Michigan,,222,82
Jon Wassink,QB,Grand Rapids,MI,6'3'',186,70,Western Michigan,,,,,2015,Western Michigan,,230,39
Giovanni Ricci,WR,Loveland,OH,6'3'',195,70,Western Michigan,,215,,,2015,Western Michigan,,,
Anton Curtis,ATH,Detroit,MI,6'2'',164,70,Western Michigan,,233,,,2015,Western Michigan,,,
Da'Rion King,TE,Y,Racine,WI,6'5'',215,69,,139,,,2015,Western Michigan,Western Michigan,813,293
Justin Spencer,CB,Oviedo,FL,5'11'',180,69,Western Michigan,,,,,2015,Western Michigan,, None, None
Parker Underwood,TE,Y,Haslett,MI,6'4'',235,68,,NR,,,2015,Western Michigan,Western Michigan,,
Levante' Bellamy,RB,Indianapolis,IN,5'9'',170,NR,Western Michigan,,NR,,,2015,Western Michigan,, NR, NR
Wesley French,OT,Saint Joseph,MI,6'5'',290,NR,Western Michigan,,,,,2015,Western Michigan,, None, None
Cario Davison,OLB,Galion,OH,6'1'',194,NR,Western Michigan,,,,,2015,Western Michigan,,,
Tom Flacco,QB,Voorhees,NJ,6'1'',183,NR,Western Michigan,,,,,2015,Western Michigan,,,
De'Lano Madison,ATH,Bloomfield Hills,MI,5'7'',170,NR,Western Michigan,,,,,2015,Western Michigan,, None, None
Obbie Jackson,CB,West Bloomfield,MI,5'10'',150,NR,Western Michigan,,,,,2015,Western Michigan,,,
Eric Assoua,OLB,Washington,DC,6'2'',220,NR,Western Michigan,,NR,,,2015,Western Michigan,,,
Cash Conder,WR,Celina,TX,5'11'',195,NR,Western Michigan,,NR,,,2015,Western Michigan,,,
Connor Guzy,DE,Newtown,PA,6'3'',240,NR,Western Michigan,,,,,2015,Western Michigan,,,
Daniel Jackson,DT,Plainfield,IL,6'2'',250,NR,Western Michigan,,,,,2015,Western Michigan,,,
Tony Balabani,DE,Macomb,MI,6'3'',230,NR,Western Michigan,,,,,2015,Western Michigan,,,
Luke Juriga,OG,Aurora,IL,6'3'',280,NR,Western Michigan,,,,,2015,Western Michigan,,,
Carrington Thompson,WR,Rosenberg,TX,6'2'',170,TR,Western Michigan,,,,,2015,Western Michigan,,,
Matt Falcon,RB,Southfield,MI,6'1'',215.0,80.0,Western Michigan,,27,,,2016,Western Michigan,,37,10
Stefan Claiborne,S,Clinton Township,MI,,6'1'',177.0,76,,20,,,2016,Western Michigan,Western Michigan,,
Eric Rogers,ILB,Warren,MI,,6'1'',230.0,75,,33,,,2016,Western Michigan,Western Michigan,103,21
Matt Little,QB-DT,Evanston,IL,,6'3'',210.0,74,,36,,,2016,Western Michigan,Western Michigan,129,27
Spencer Kanz,OT,Luxemburg,WI,,6'5'',270.0,74,,82,,,2016,Western Michigan,Western Michigan,130,5
Butch Hampton,K,Piedmont,OK,,6'0'',170.0,73,,41,,,2016,Western Michigan,Western Michigan,208,18
Emanuel Jackson,RB,Novi,MI,5'11'',175.0,73.0,Western Michigan,,103,,,2016,Western Michigan,,,
Tristan Pipp,ILB,Greendale,WI,,6'1'',210.0,72,,49,,,2016,Western Michigan,Western Michigan,168,9
Dontre Boyd,CB,Detroit,MI,5'10'',165.0,72.0,Western Michigan,,99,,,2016,Western Michigan,,,
D'Wayne Eskridge,RB,Bluffton,IN,5'10'',190.0,72.0,Western Michigan,,,,,2016,Western Michigan,,,
Mike Caliendo,OG,Brookfield,WI,,6'3'',275.0,71,,100,,,2016,Western Michigan,Western Michigan,,
Jordan Asbury,OG,Warren,MI,,6'4'',260.0,71,,41,,,2016,Western Michigan,Western Michigan,205,38
Brett Borske,TEY,Naperville,IL,,6'5'',230.0,70,,224,,,2016,Western Michigan,Western Michigan,236,40
Kalebb Perry,WR,Mount Pleasant,MI,,6'2'',180.0,68,,144,,,2016,Western Michigan,Western Michigan,244,42
Hunter Broersma,ATH,Muskegon,MI,,6'1'',185.0,67,,NR,,,2016,Western Michigan,Western Michigan,,
Ron George,OLB,Reading,PA,,6'1'',195.0,,,,,,2016,Western Michigan,Western Michigan,,
Darece Roberson,ATH,North Shores,MI,5'8'',160.0,,Western Michigan,,,,,2016,Western Michigan,,,
Jaylon Moore,OT,Detroit,MI,,6'4'',260.0,,,NR,,,2016,Western Michigan,Western Michigan, NR,
Mark Brooks,OT,Portland,MI,,6'6'',260.0,,,,,,2016,Western Michigan,Western Michigan,,
Jared Culp,OLB,New Carlisle,IN,,6'2'',200.0,,,,,,2016,Western Michigan,Western Michigan,,
Mitchell Heimbuch,TEH,Romeo,MI,,6'2'',220.0,,,,,,2016,Western Michigan,Western Michigan,,
Rodney Graves,WR,Detroit,MI,,6'2'',180.0,,,,,,2016,Western Michigan,Western Michigan,,
Jaylen Brown,S,Houston,TX,,6'1'',205.0,,,,,,2016,Western Michigan,Western Michigan, None, None
Ken Aguirre,DT,Joliet,IL,,6'2'',285.0,,,NR,,,2016,Western Michigan,Western Michigan,,NR
Brad Tanner,WR,Romeo,MI,,6'1'',185.0,,,,,,2016,Western Michigan,Western Michigan, None, None
Kailen Guillory,DE,Indianapolis,IN,,6'4'',240.0,,,,,,2016,Western Michigan,Western Michigan,,
Brandon Honorable,OT,Detroit,MI,6'6'',280,76.0,Western Michigan,,72,,,2021,Western Michigan,,97,21
Elijah Hawk,DE,Pickerington,OH,6'4'',235,74.0,Western Michigan,,,,,2021,Western Michigan,, None, None
Jaali Parker,ATH,Chicago,IL,6'0'',185,73.0,Western Michigan,,122,,,2021,Western Michigan,,192,34
Carson Briggs,OT,Flint,MI,6'5'',270,73.0,Western Michigan,,141,,,2021,Western Michigan,,211,46
Naahlyee Bryant,OLB,Oak Park,MI,6'2'',200,73.0,Western Michigan,,154,,,2021,Western Michigan,,,
Dalton Dueweke,OG,Shelby Township,MI,6'4'',270,73.0,Western Michigan,,104,,,2021,Western Michigan,,,
Corey Walker,TE-Y,Normal,IL,6'5'',240,72.0,Western Michigan,,229,,,2021,Western Michigan,,61,45
Zach Vode,ATH,Hobart,IN,6'3'',205,72.0,Western Michigan,,155,,,2021,Western Michigan,,235,24
Joshua Nobles,DE,Camden,NJ,6'3'',240,72.0,Western Michigan,,196,,,2021,Western Michigan,,229,35
Henry Wilson,ATH,Chicago,IL,6'0'',180,72.0,Western Michigan,,160,,,2021,Western Michigan,,248,50
Calvin Muraski,OT,Green Bay,WI,6'7'',260,72.0,Western Michigan,,164,,,2021,Western Michigan,,251,13
John Hofer,OT,Valparaiso,IN,6'6'',300,71.0,Western Michigan,,174,,,2021,Western Michigan,,260,25
Jelani Willis,ATH,Memphis,TN,6'2'',200,71.0,Western Michigan,,167,,,2021,Western Michigan,,,
Zahir Abdus-Salaam,RB,Union City,NJ,5'9'',180,71.0,Western Michigan,,145,,,2021,Western Michigan,,,
Aaron Wofford,ATH,Burbank,IL,6'1'',165,70.0,Western Michigan,,183,,,2021,Western Michigan,,292,61
Mareyohn Hrabowski,QB-DT,River Rouge,MI,6'4'',205,70.0,Western Michigan,,50,,,2021,Western Michigan,,,
Tyson Lee,DE,South Bend,IN,6'3'',235,70.0,Western Michigan,,235,,,2021,Western Michigan,,,
Kadinn Morris,TE-H,Springfield,IL,6'3'',225,69.0,Western Michigan,,47,,,2021,Western Michigan,,316,66
Tyren Mason,WR,Elkhart,IN,6'0'',175,69.0,Western Michigan,,313,,,2021,Western Michigan,,325,35
Malique Dieudonne,WR,Naples,FL,6'1'',175,,Western Michigan,,,,,2021,Western Michigan,,,
Id Kaba,DT,Columbus,OH,6'3'',265,74,Western Michigan,,104,153,48,2023,Western Michigan,,,
Logan Lester,WR,Chicago,IL,6'2'',195,73,Western Michigan,,229,,,2023,Western Michigan,,,
Lorenzo Williams Jr.,CB,West Bloomfield,MI,6'1'',180,73,Western Michigan,,150,168,23,2023,Western Michigan,,,
C.J. Hester,RB,Wyoming,OH,5'11'',185,73,Western Michigan,,115,170,54,2023,Western Michigan,,,
Angelo Stockstill,ATH,Chicago,IL,6'3'',175,71,Western Michigan,,141,,,2023,Western Michigan,,,
Jack Parker,TE-Y,Wilmette,IL,6'5'',235,70,Western Michigan,,49,,,2023,Western Michigan,,,
Tony Martin,ATH,Pahokee,FL,5'10'',170,70,Western Michigan,,143,769,269,2023,Western Michigan,,,
Marcus Woodley,OLB,Homestead,FL,6'2'',210,NR,Western Michigan,,NR,NR,NR,2023,Western Michigan,,,
Brennan Wooten,TE-H,Indianapolis,IN,6'4'',225,NR,Western Michigan,,NR,NR,NR,2023,Western Michigan,,,
Razah Townsend,DE,Kentwood,MI,6'2'',230,NR,Western Michigan,,,,,2023,Western Michigan,,,
Anthony Leadford,S,Indianapolis,IN,6'1'',185,NR,Western Michigan,,,,,2023,Western Michigan,,,
Luke Zanotti,OG,Bay City,MI,6'4'',285,NR,Western Michigan,,NR,NR,NR,2023,Western Michigan,,,
Joshua Franklin,ATH,Crete,IL,6'0'',175,NR,Western Michigan,,,,,2023,Western Michigan,,,
Dalton Gustwiller,DT,Kettering,OH,6'4'',280,NR,Western Michigan,,,,,2023,Western Michigan,,,
Tre' Hartwell,RB,Thompson's Station,TN,6'0'',220,NR,Western Michigan,,,,,2023,Western Michigan,,,
Jacobe Oglesby,S,Detroit,MI,6'1'',195,NR,Western Michigan,,NR,,,2023,Western Michigan,,,
Joey Pope,WR,Glen Ellyn,IL,5'11'',165,NR,Western Michigan,,,,,2023,Western Michigan,,,
Isaiah Green,DT (JC),Saint Cloud,MN,6'3'',300,NR,Western Michigan,,,,,2023,Western Michigan,,,
